/*
 Navicat Premium Data Transfer

 Source Server         : [MariaDB] localhost
 Source Server Type    : MariaDB
 Source Server Version : 110502 (11.5.2-MariaDB-log)
 Source Host           : localhost:3306
 Source Schema         : dws-shop

 Target Server Type    : MariaDB
 Target Server Version : 110502 (11.5.2-MariaDB-log)
 File Encoding         : 65001

 Date: 31/01/2025 22:09:25
*/

SET NAMES utf8mb4;
SET FOREIGN_KEY_CHECKS = 0;

-- ----------------------------
-- Table structure for categories
-- ----------------------------
DROP TABLE IF EXISTS `categories`;
CREATE TABLE `categories`  (
  `id` int(11) NOT NULL AUTO_INCREMENT,
  `shop_id` int(11) NULL DEFAULT NULL,
  `category_sort` int(11) NULL DEFAULT NULL,
  `category_name` varchar(255) CHARACTER SET utf8mb4 COLLATE utf8mb4_general_ci NULL DEFAULT NULL,
  `category_type` enum('product','option') CHARACTER SET utf8mb4 COLLATE utf8mb4_general_ci NULL DEFAULT NULL,
  `category_description` varchar(255) CHARACTER SET utf8mb4 COLLATE utf8mb4_general_ci NULL DEFAULT NULL,
  `category_status` enum('published','deleted') CHARACTER SET utf8mb4 COLLATE utf8mb4_general_ci NULL DEFAULT 'published',
  `select_min` int(11) NULL DEFAULT NULL,
  `select_max` int(11) NULL DEFAULT 0,
  `create_at` datetime NULL DEFAULT current_timestamp(),
  PRIMARY KEY (`id`) USING BTREE,
  INDEX `shop_id`(`shop_id` ASC) USING BTREE,
  CONSTRAINT `categories_ibfk_1` FOREIGN KEY (`shop_id`) REFERENCES `shops` (`id`) ON DELETE RESTRICT ON UPDATE RESTRICT
) ENGINE = InnoDB AUTO_INCREMENT = 4 CHARACTER SET = utf8mb4 COLLATE = utf8mb4_general_ci ROW_FORMAT = Dynamic;

-- ----------------------------
-- Records of categories
-- ----------------------------
INSERT INTO `categories` VALUES (1, 1, 1, 'จานหลัก', 'product', NULL, 'published', 0, 0, '2025-01-31 14:31:23');
INSERT INTO `categories` VALUES (2, 1, 1, 'ท็อปปิ้ง', 'option', '1 อย่างขึ้นไป', 'published', 1, -1, '2025-01-31 14:31:25');
INSERT INTO `categories` VALUES (3, 1, 2, 'บรรจุภัณฑ์', 'option', 'เลือกอย่างใดอย่างหนึ่ง', 'published', 1, 1, '2025-01-31 14:31:27');

-- ----------------------------
-- Table structure for discounts
-- ----------------------------
DROP TABLE IF EXISTS `discounts`;
CREATE TABLE `discounts`  (
  `id` int(11) NOT NULL,
  `discount_title` varchar(255) CHARACTER SET utf8mb4 COLLATE utf8mb4_general_ci NULL DEFAULT NULL,
  `discount_description` text CHARACTER SET utf8mb4 COLLATE utf8mb4_general_ci NULL DEFAULT NULL,
  `discount_code` varchar(255) CHARACTER SET utf8mb4 COLLATE utf8mb4_general_ci NULL DEFAULT NULL,
  `discount_start` datetime NULL DEFAULT current_timestamp(),
  `discount_end` datetime NULL DEFAULT current_timestamp(),
  `discount_type` enum('fix','percen') CHARACTER SET utf8mb4 COLLATE utf8mb4_general_ci NULL DEFAULT 'fix',
  `discount_value` int(11) NULL DEFAULT 1,
  `discount_max` int(11) NULL DEFAULT 0,
  `order_min_price` int(11) NULL DEFAULT 0,
  `create_at` datetime NULL DEFAULT current_timestamp(),
  PRIMARY KEY (`id`) USING BTREE
) ENGINE = InnoDB CHARACTER SET = utf8mb4 COLLATE = utf8mb4_general_ci ROW_FORMAT = Dynamic;

-- ----------------------------
-- Records of discounts
-- ----------------------------

-- ----------------------------
-- Table structure for members
-- ----------------------------
DROP TABLE IF EXISTS `members`;
CREATE TABLE `members`  (
  `id` int(11) NOT NULL AUTO_INCREMENT,
  `display_name` varchar(255) CHARACTER SET utf8mb4 COLLATE utf8mb4_general_ci NULL DEFAULT NULL,
  `create_at` datetime NULL DEFAULT current_timestamp(),
  PRIMARY KEY (`id`) USING BTREE
) ENGINE = InnoDB AUTO_INCREMENT = 1 CHARACTER SET = utf8mb4 COLLATE = utf8mb4_general_ci ROW_FORMAT = Dynamic;

-- ----------------------------
-- Records of members
-- ----------------------------

-- ----------------------------
-- Table structure for members_contacts
-- ----------------------------
DROP TABLE IF EXISTS `members_contacts`;
CREATE TABLE `members_contacts`  (
  `id` int(11) NOT NULL AUTO_INCREMENT,
  `member_id` int(11) NULL DEFAULT NULL,
  `contact_type` enum('tel','address','map_latlong','email','facebook','line') CHARACTER SET utf8mb4 COLLATE utf8mb4_general_ci NULL DEFAULT NULL,
  `contact_value` text CHARACTER SET utf8mb4 COLLATE utf8mb4_general_ci NULL DEFAULT NULL,
  `contact_status` enum('created','deleted') CHARACTER SET utf8mb4 COLLATE utf8mb4_general_ci NULL DEFAULT 'created',
  PRIMARY KEY (`id`) USING BTREE,
  INDEX `member_id`(`member_id` ASC) USING BTREE,
  CONSTRAINT `members_contacts_ibfk_1` FOREIGN KEY (`member_id`) REFERENCES `members` (`id`) ON DELETE RESTRICT ON UPDATE RESTRICT
) ENGINE = InnoDB AUTO_INCREMENT = 1 CHARACTER SET = utf8mb4 COLLATE = utf8mb4_general_ci ROW_FORMAT = Dynamic;

-- ----------------------------
-- Records of members_contacts
-- ----------------------------

-- ----------------------------
-- Table structure for members_keys
-- ----------------------------
DROP TABLE IF EXISTS `members_keys`;
CREATE TABLE `members_keys`  (
  `id` int(11) NOT NULL AUTO_INCREMENT,
  `member_id` int(11) NULL DEFAULT NULL,
  `key_type` enum('line','messenger') CHARACTER SET utf8mb4 COLLATE utf8mb4_general_ci NULL DEFAULT 'line',
  `key` varchar(255) CHARACTER SET utf8mb4 COLLATE utf8mb4_general_ci NULL DEFAULT NULL,
  `create_at` datetime NULL DEFAULT current_timestamp(),
  PRIMARY KEY (`id`) USING BTREE,
  INDEX `member_id`(`member_id` ASC) USING BTREE,
  CONSTRAINT `members_keys_ibfk_1` FOREIGN KEY (`member_id`) REFERENCES `members` (`id`) ON DELETE RESTRICT ON UPDATE RESTRICT
) ENGINE = InnoDB AUTO_INCREMENT = 1 CHARACTER SET = utf8mb4 COLLATE = utf8mb4_general_ci ROW_FORMAT = Dynamic;

-- ----------------------------
-- Records of members_keys
-- ----------------------------

-- ----------------------------
-- Table structure for members_sessions
-- ----------------------------
DROP TABLE IF EXISTS `members_sessions`;
CREATE TABLE `members_sessions`  (
  `id` int(11) NOT NULL AUTO_INCREMENT,
  `member_id` int(11) NULL DEFAULT NULL,
  `ipaddress` varchar(255) CHARACTER SET utf8mb4 COLLATE utf8mb4_general_ci NULL DEFAULT NULL,
  `session_key` varchar(255) CHARACTER SET utf8mb4 COLLATE utf8mb4_general_ci NULL DEFAULT NULL,
  `location` varchar(255) CHARACTER SET utf8mb4 COLLATE utf8mb4_general_ci NULL DEFAULT NULL,
  `create_at` datetime NULL DEFAULT current_timestamp(),
  PRIMARY KEY (`id`) USING BTREE,
  INDEX `member_id`(`member_id` ASC) USING BTREE,
  CONSTRAINT `members_sessions_ibfk_1` FOREIGN KEY (`member_id`) REFERENCES `members` (`id`) ON DELETE RESTRICT ON UPDATE RESTRICT
) ENGINE = InnoDB AUTO_INCREMENT = 1 CHARACTER SET = utf8mb4 COLLATE = utf8mb4_general_ci ROW_FORMAT = Dynamic;

-- ----------------------------
-- Records of members_sessions
-- ----------------------------

-- ----------------------------
-- Table structure for orders
-- ----------------------------
DROP TABLE IF EXISTS `orders`;
CREATE TABLE `orders`  (
  `id` int(11) NOT NULL AUTO_INCREMENT,
  `member_id` int(11) NULL DEFAULT NULL,
  `product_id` int(11) NULL DEFAULT NULL,
  `product_qty` int(11) NULL DEFAULT 1,
  `is_checkout` enum('N','Y') CHARACTER SET utf8mb4 COLLATE utf8mb4_general_ci NULL DEFAULT 'N',
  `is_paid` enum('N','Y') CHARACTER SET utf8mb4 COLLATE utf8mb4_general_ci NULL DEFAULT 'N',
  `discount_code` varchar(255) CHARACTER SET utf8mb4 COLLATE utf8mb4_general_ci NULL DEFAULT NULL,
  `price_order` decimal(10, 2) NULL DEFAULT NULL,
  `price_shipping` decimal(10, 2) NULL DEFAULT NULL,
  `price_discount` decimal(10, 2) NULL DEFAULT NULL,
  `price_vat` decimal(10, 2) NULL DEFAULT NULL,
  `price_final` decimal(10, 2) NULL DEFAULT NULL,
  `create_at` datetime NULL DEFAULT current_timestamp(),
  PRIMARY KEY (`id`) USING BTREE,
  INDEX `product_id`(`product_id` ASC) USING BTREE,
  CONSTRAINT `orders_ibfk_1` FOREIGN KEY (`product_id`) REFERENCES `products` (`id`) ON DELETE RESTRICT ON UPDATE RESTRICT
) ENGINE = InnoDB AUTO_INCREMENT = 1 CHARACTER SET = utf8mb4 COLLATE = utf8mb4_general_ci ROW_FORMAT = Dynamic;

-- ----------------------------
-- Records of orders
-- ----------------------------

-- ----------------------------
-- Table structure for orders_options
-- ----------------------------
DROP TABLE IF EXISTS `orders_options`;
CREATE TABLE `orders_options`  (
  `id` int(11) NOT NULL AUTO_INCREMENT,
  `order_id` int(11) NULL DEFAULT NULL,
  `option_id` int(11) NULL DEFAULT NULL,
  `option_qty` int(11) NULL DEFAULT 1,
  `create_at` datetime NULL DEFAULT current_timestamp(),
  PRIMARY KEY (`id`) USING BTREE,
  INDEX `option_id`(`option_id` ASC) USING BTREE,
  INDEX `order_id`(`order_id` ASC) USING BTREE,
  CONSTRAINT `orders_options_ibfk_1` FOREIGN KEY (`option_id`) REFERENCES `products_options` (`id`) ON DELETE RESTRICT ON UPDATE RESTRICT,
  CONSTRAINT `orders_options_ibfk_2` FOREIGN KEY (`order_id`) REFERENCES `orders` (`id`) ON DELETE RESTRICT ON UPDATE RESTRICT
) ENGINE = InnoDB AUTO_INCREMENT = 1 CHARACTER SET = utf8mb4 COLLATE = utf8mb4_general_ci ROW_FORMAT = Dynamic;

-- ----------------------------
-- Records of orders_options
-- ----------------------------

-- ----------------------------
-- Table structure for orders_reviews
-- ----------------------------
DROP TABLE IF EXISTS `orders_reviews`;
CREATE TABLE `orders_reviews`  (
  `id` int(11) NOT NULL AUTO_INCREMENT,
  `order_id` int(11) NULL DEFAULT NULL,
  `review_comment` text CHARACTER SET utf8mb4 COLLATE utf8mb4_general_ci NULL DEFAULT NULL,
  `review_star` int(11) NULL DEFAULT NULL,
  `member_id` int(11) NULL DEFAULT NULL,
  `create_at` datetime NULL DEFAULT current_timestamp(),
  PRIMARY KEY (`id`) USING BTREE,
  INDEX `order_id`(`order_id` ASC) USING BTREE,
  INDEX `member_id`(`member_id` ASC) USING BTREE,
  CONSTRAINT `orders_reviews_ibfk_1` FOREIGN KEY (`order_id`) REFERENCES `orders` (`id`) ON DELETE RESTRICT ON UPDATE RESTRICT,
  CONSTRAINT `orders_reviews_ibfk_2` FOREIGN KEY (`member_id`) REFERENCES `members` (`id`) ON DELETE RESTRICT ON UPDATE RESTRICT
) ENGINE = InnoDB AUTO_INCREMENT = 1 CHARACTER SET = utf8mb4 COLLATE = utf8mb4_general_ci ROW_FORMAT = Dynamic;

-- ----------------------------
-- Records of orders_reviews
-- ----------------------------

-- ----------------------------
-- Table structure for payment_methods
-- ----------------------------
DROP TABLE IF EXISTS `payment_methods`;
CREATE TABLE `payment_methods`  (
  `id` int(11) NOT NULL AUTO_INCREMENT,
  `method_title` varchar(255) CHARACTER SET utf8mb4 COLLATE utf8mb4_general_ci NULL DEFAULT NULL,
  `method_icon_class` varchar(255) CHARACTER SET utf8mb4 COLLATE utf8mb4_general_ci NULL DEFAULT NULL,
  `method_icon_img` varchar(255) CHARACTER SET utf8mb4 COLLATE utf8mb4_general_ci NULL DEFAULT NULL,
  `create_at` datetime NULL DEFAULT current_timestamp(),
  PRIMARY KEY (`id`) USING BTREE
) ENGINE = InnoDB AUTO_INCREMENT = 2 CHARACTER SET = utf8mb4 COLLATE = utf8mb4_general_ci ROW_FORMAT = Dynamic;

-- ----------------------------
-- Records of payment_methods
-- ----------------------------
INSERT INTO `payment_methods` VALUES (1, 'QRCode', 'fa-solid fa-qrcode', NULL, '2025-01-31 10:11:44');

-- ----------------------------
-- Table structure for products
-- ----------------------------
DROP TABLE IF EXISTS `products`;
CREATE TABLE `products`  (
  `id` int(11) NOT NULL AUTO_INCREMENT,
  `category_id` int(255) NULL DEFAULT NULL,
  `product_title` varchar(255) CHARACTER SET utf8mb4 COLLATE utf8mb4_general_ci NULL DEFAULT NULL,
  `product_description` varchar(255) CHARACTER SET utf8mb4 COLLATE utf8mb4_general_ci NULL DEFAULT NULL,
  `product_status` enum('published','deleted') CHARACTER SET utf8mb4 COLLATE utf8mb4_general_ci NULL DEFAULT 'published',
  `product_sku` varchar(255) CHARACTER SET utf8mb4 COLLATE utf8mb4_general_ci NULL DEFAULT NULL,
  `product_barcode` int(11) NULL DEFAULT NULL,
  `product_qty` int(11) NULL DEFAULT -1,
  `product_price` int(11) NULL DEFAULT NULL,
  `create_at` datetime NULL DEFAULT current_timestamp(),
  PRIMARY KEY (`id`) USING BTREE,
  INDEX `category_id`(`category_id` ASC) USING BTREE,
  CONSTRAINT `products_ibfk_1` FOREIGN KEY (`category_id`) REFERENCES `categories` (`id`) ON DELETE RESTRICT ON UPDATE RESTRICT
) ENGINE = InnoDB AUTO_INCREMENT = 2 CHARACTER SET = utf8mb4 COLLATE = utf8mb4_general_ci ROW_FORMAT = Dynamic;

-- ----------------------------
-- Records of products
-- ----------------------------
INSERT INTO `products` VALUES (1, 1, 'ข้าวต้ม', NULL, 'published', NULL, NULL, -1, 10, '2025-01-30 23:32:47');

-- ----------------------------
-- Table structure for products_images
-- ----------------------------
DROP TABLE IF EXISTS `products_images`;
CREATE TABLE `products_images`  (
  `id` int(11) NOT NULL AUTO_INCREMENT,
  `product_id` int(11) NULL DEFAULT NULL,
  `file_sort` varchar(255) CHARACTER SET utf8mb4 COLLATE utf8mb4_general_ci NULL DEFAULT NULL,
  `file_name` varchar(255) CHARACTER SET utf8mb4 COLLATE utf8mb4_general_ci NULL DEFAULT NULL,
  `file_extension` varchar(255) CHARACTER SET utf8mb4 COLLATE utf8mb4_general_ci NULL DEFAULT NULL,
  `file_key` varchar(255) CHARACTER SET utf8mb4 COLLATE utf8mb4_general_ci NULL DEFAULT NULL,
  `file_status` enum('published','deleted') CHARACTER SET utf8mb4 COLLATE utf8mb4_general_ci NULL DEFAULT 'published',
  `create_at` datetime NULL DEFAULT current_timestamp(),
  PRIMARY KEY (`id`) USING BTREE,
  INDEX `product_id`(`product_id` ASC) USING BTREE,
  CONSTRAINT `products_images_ibfk_1` FOREIGN KEY (`product_id`) REFERENCES `products` (`id`) ON DELETE RESTRICT ON UPDATE RESTRICT
) ENGINE = InnoDB AUTO_INCREMENT = 2 CHARACTER SET = utf8mb4 COLLATE = utf8mb4_general_ci ROW_FORMAT = Dynamic;

-- ----------------------------
-- Records of products_images
-- ----------------------------
INSERT INTO `products_images` VALUES (1, 1, '1', 'kowtomnanan_product_01.png', 'png', 'kowtomnanan_product_01', 'published', '2025-01-31 20:02:58');

-- ----------------------------
-- Table structure for products_options
-- ----------------------------
DROP TABLE IF EXISTS `products_options`;
CREATE TABLE `products_options`  (
  `id` int(11) NOT NULL AUTO_INCREMENT,
  `product_id` int(11) NULL DEFAULT NULL,
  `category_id` int(11) NULL DEFAULT NULL,
  `option_title` varchar(255) CHARACTER SET utf8mb4 COLLATE utf8mb4_general_ci NULL DEFAULT NULL,
  `option_description` text CHARACTER SET utf8mb4 COLLATE utf8mb4_general_ci NULL DEFAULT NULL,
  `option_price` int(11) NULL DEFAULT NULL,
  `option_img` varchar(255) CHARACTER SET utf8mb4 COLLATE utf8mb4_general_ci NULL DEFAULT NULL,
  `option_status` enum('published','deleted') CHARACTER SET utf8mb4 COLLATE utf8mb4_general_ci NULL DEFAULT 'published',
  `option_qty` int(11) NULL DEFAULT NULL,
  `create_at` datetime NULL DEFAULT current_timestamp(),
  PRIMARY KEY (`id`) USING BTREE,
  INDEX `product_id`(`product_id` ASC) USING BTREE,
  INDEX `category_id`(`category_id` ASC) USING BTREE,
  CONSTRAINT `products_options_ibfk_1` FOREIGN KEY (`product_id`) REFERENCES `products` (`id`) ON DELETE RESTRICT ON UPDATE RESTRICT,
  CONSTRAINT `products_options_ibfk_2` FOREIGN KEY (`category_id`) REFERENCES `categories` (`id`) ON DELETE RESTRICT ON UPDATE RESTRICT
) ENGINE = InnoDB AUTO_INCREMENT = 24 CHARACTER SET = utf8mb4 COLLATE = utf8mb4_general_ci ROW_FORMAT = Dynamic;

-- ----------------------------
-- Records of products_options
-- ----------------------------
INSERT INTO `products_options` VALUES (1, 1, 2, 'กุ้ง', NULL, 15, 'kowtomnanan_topping_01.png', 'published', -1, '2025-01-30 23:34:57');
INSERT INTO `products_options` VALUES (2, 1, 2, 'ไข่เยี่ยวม้า', NULL, 15, 'kowtomnanan_topping_07.png', 'published', -1, '2025-01-30 23:34:57');
INSERT INTO `products_options` VALUES (3, 1, 2, 'เบคอน', NULL, 15, 'kowtomnanan_topping_08.png', 'published', -1, '2025-01-30 23:34:57');
INSERT INTO `products_options` VALUES (4, 1, 2, 'ซี่โครงอบชีส', NULL, 15, 'kowtomnanan_topping_09.png', 'published', -1, '2025-01-30 23:34:57');
INSERT INTO `products_options` VALUES (5, 1, 2, 'ตับหมู', NULL, 15, 'kowtomnanan_topping_05.png', 'published', -1, '2025-01-30 23:34:57');
INSERT INTO `products_options` VALUES (6, 1, 2, 'หมูเด้ง', NULL, 15, 'kowtomnanan_topping_02.png', 'published', -1, '2025-01-30 23:34:57');
INSERT INTO `products_options` VALUES (7, 1, 2, 'หมูกรอบ', NULL, 15, 'kowtomnanan_topping_03.png', 'published', -1, '2025-01-30 23:34:57');
INSERT INTO `products_options` VALUES (8, 1, 2, 'ไข่เค็ม', NULL, 15, 'kowtomnanan_topping_11.png', 'published', -1, '2025-01-30 23:34:57');
INSERT INTO `products_options` VALUES (9, 1, 2, 'ไข่ต้ม', NULL, 10, 'kowtomnanan_topping_10.png', 'published', -1, '2025-01-30 23:34:57');
INSERT INTO `products_options` VALUES (10, 1, 2, 'เห็ดหอม', NULL, 10, 'kowtomnanan_topping_13.png', 'published', -1, '2025-01-30 23:34:57');
INSERT INTO `products_options` VALUES (11, 1, 2, 'ปูอัด', NULL, 10, 'kowtomnanan_topping_06.png', 'published', -1, '2025-01-30 23:34:57');
INSERT INTO `products_options` VALUES (12, 1, 2, 'ไก่ฉีก', NULL, 10, NULL, 'published', -1, '2025-01-30 23:34:57');
INSERT INTO `products_options` VALUES (13, 1, 2, 'ไข่ลวก', NULL, 10, 'kowtomnanan_topping_04.png', 'published', -1, '2025-01-30 23:34:57');
INSERT INTO `products_options` VALUES (14, 1, 2, 'หมูยอ', NULL, 10, 'kowtomnanan_topping_12.png', 'published', -1, '2025-01-30 23:34:57');
INSERT INTO `products_options` VALUES (15, 1, 2, 'หมูหยอง', NULL, 10, 'kowtomnanan_topping_15.png', 'published', -1, '2025-01-30 23:34:57');
INSERT INTO `products_options` VALUES (16, 1, 2, 'เห็ดออรินจิ', NULL, 10, 'kowtomnanan_topping_14.png', 'published', -1, '2025-01-30 23:34:57');
INSERT INTO `products_options` VALUES (17, 1, 2, 'กุนเชียง', NULL, 10, 'kowtomnanan_topping_16.png', 'published', -1, '2025-01-30 23:34:57');
INSERT INTO `products_options` VALUES (18, 1, 2, 'หมูสับผัดซอส', NULL, 10, 'kowtomnanan_topping_17.png', 'published', -1, '2025-01-30 23:34:57');
INSERT INTO `products_options` VALUES (19, 1, 3, 'ถุง', NULL, 0, NULL, 'published', -1, '2025-01-31 18:13:06');
INSERT INTO `products_options` VALUES (20, 1, 3, 'ถ้วยพลาสติก', NULL, 5, NULL, 'published', -1, '2025-01-31 18:18:54');
INSERT INTO `products_options` VALUES (21, 1, 3, 'ถ้วยพลาสติก + ช้อนซ่อม', NULL, 10, NULL, 'published', -1, '2025-01-31 18:19:37');
INSERT INTO `products_options` VALUES (22, 1, 3, 'ถ้วยพลาสติก + ตะเกียบ', NULL, 10, NULL, 'published', -1, '2025-01-31 18:20:12');
INSERT INTO `products_options` VALUES (23, 1, 3, 'ถ้วยพลาสติก + ช้อน + ตะเกียบ', NULL, 15, NULL, 'published', NULL, '2025-01-31 18:20:58');

-- ----------------------------
-- Table structure for shippings_methods
-- ----------------------------
DROP TABLE IF EXISTS `shippings_methods`;
CREATE TABLE `shippings_methods`  (
  `id` int(11) NOT NULL AUTO_INCREMENT,
  `method_title` varchar(255) CHARACTER SET utf8mb4 COLLATE utf8mb4_general_ci NULL DEFAULT NULL,
  `method_icon_class` varchar(255) CHARACTER SET utf8mb4 COLLATE utf8mb4_general_ci NULL DEFAULT NULL,
  `method_icon_img` varchar(255) CHARACTER SET utf8mb4 COLLATE utf8mb4_general_ci NULL DEFAULT NULL,
  `create_at` datetime NULL DEFAULT current_timestamp(),
  PRIMARY KEY (`id`) USING BTREE
) ENGINE = InnoDB AUTO_INCREMENT = 2 CHARACTER SET = utf8mb4 COLLATE = utf8mb4_general_ci ROW_FORMAT = Dynamic;

-- ----------------------------
-- Records of shippings_methods
-- ----------------------------
INSERT INTO `shippings_methods` VALUES (1, 'รถจักรยานยนต์', 'fa-solid fa-moped', 'shipping_method_01', '2025-01-31 09:46:24');

-- ----------------------------
-- Table structure for shippings_rates
-- ----------------------------
DROP TABLE IF EXISTS `shippings_rates`;
CREATE TABLE `shippings_rates`  (
  `id` int(11) NOT NULL AUTO_INCREMENT,
  `shipping_id` int(11) NULL DEFAULT NULL,
  `rate_title` varchar(255) CHARACTER SET utf8mb4 COLLATE utf8mb4_general_ci NULL DEFAULT NULL,
  `rate_min` int(11) NULL DEFAULT NULL,
  `rate_max` int(255) NULL DEFAULT NULL,
  `rate_price` int(11) NOT NULL,
  PRIMARY KEY (`id`) USING BTREE
) ENGINE = InnoDB AUTO_INCREMENT = 5 CHARACTER SET = utf8mb4 COLLATE = utf8mb4_general_ci ROW_FORMAT = Dynamic;

-- ----------------------------
-- Records of shippings_rates
-- ----------------------------
INSERT INTO `shippings_rates` VALUES (1, 1, 'ฟรี 3 กม. แรก', 0, 3, 0);
INSERT INTO `shippings_rates` VALUES (2, 1, '3-5 กม.', 3, 5, 20);
INSERT INTO `shippings_rates` VALUES (3, 1, '5-8 กม.', 5, 8, 30);
INSERT INTO `shippings_rates` VALUES (4, 1, '8 กม. ขึ้นไป', 8, -1, 40);

-- ----------------------------
-- Table structure for shops
-- ----------------------------
DROP TABLE IF EXISTS `shops`;
CREATE TABLE `shops`  (
  `id` int(11) NOT NULL AUTO_INCREMENT,
  `shop_username` varchar(255) CHARACTER SET utf8mb4 COLLATE utf8mb4_general_ci NULL DEFAULT NULL,
  `shop_title` varchar(255) CHARACTER SET utf8mb4 COLLATE utf8mb4_general_ci NULL DEFAULT NULL,
  `shop_description` text CHARACTER SET utf8mb4 COLLATE utf8mb4_general_ci NULL DEFAULT NULL,
  `shop_status` enum('published','deleted') CHARACTER SET utf8mb4 COLLATE utf8mb4_general_ci NULL DEFAULT 'published',
  `shop_image_logo` varchar(255) CHARACTER SET utf8mb4 COLLATE utf8mb4_general_ci NULL DEFAULT NULL,
  `shop_image_cover` varchar(255) CHARACTER SET utf8mb4 COLLATE utf8mb4_general_ci NULL DEFAULT NULL,
  `create_at` datetime NULL DEFAULT current_timestamp(),
  PRIMARY KEY (`id`) USING BTREE
) ENGINE = InnoDB AUTO_INCREMENT = 2 CHARACTER SET = utf8mb4 COLLATE = utf8mb4_general_ci ROW_FORMAT = Dynamic;

-- ----------------------------
-- Records of shops
-- ----------------------------
INSERT INTO `shops` VALUES (1, 'kowtomnanan', 'ข้าวต้มหน้าแน่น', NULL, 'published', 'kowtomnanan_logo.jpg', 'kowtomnanan_cover.jpg', '2025-01-30 23:38:50');

-- ----------------------------
-- Table structure for shops_branches
-- ----------------------------
DROP TABLE IF EXISTS `shops_branches`;
CREATE TABLE `shops_branches`  (
  `id` int(11) NOT NULL AUTO_INCREMENT,
  `shop_id` int(11) NULL DEFAULT NULL,
  `branch_title` varchar(255) CHARACTER SET utf8mb4 COLLATE utf8mb4_general_ci NULL DEFAULT NULL,
  PRIMARY KEY (`id`) USING BTREE,
  INDEX `shop_id`(`shop_id` ASC) USING BTREE,
  CONSTRAINT `shops_branches_ibfk_1` FOREIGN KEY (`shop_id`) REFERENCES `shops` (`id`) ON DELETE RESTRICT ON UPDATE RESTRICT
) ENGINE = InnoDB AUTO_INCREMENT = 2 CHARACTER SET = utf8mb4 COLLATE = utf8mb4_general_ci ROW_FORMAT = Dynamic;

-- ----------------------------
-- Records of shops_branches
-- ----------------------------
INSERT INTO `shops_branches` VALUES (1, 1, 'สาขาใหญ่');

-- ----------------------------
-- Table structure for shops_contacts
-- ----------------------------
DROP TABLE IF EXISTS `shops_contacts`;
CREATE TABLE `shops_contacts`  (
  `id` int(11) NOT NULL AUTO_INCREMENT,
  `shop_id` int(11) NULL DEFAULT NULL,
  `contact_type` enum('tel','facebook','line','instagram','telegram','link','navigation') CHARACTER SET utf8mb4 COLLATE utf8mb4_general_ci NULL DEFAULT 'tel',
  `contact_value` varchar(255) CHARACTER SET utf8mb4 COLLATE utf8mb4_general_ci NULL DEFAULT NULL,
  `create_at` datetime NULL DEFAULT current_timestamp(),
  PRIMARY KEY (`id`) USING BTREE,
  INDEX `shop_id`(`shop_id` ASC) USING BTREE,
  CONSTRAINT `shops_contacts_ibfk_1` FOREIGN KEY (`shop_id`) REFERENCES `shops` (`id`) ON DELETE RESTRICT ON UPDATE RESTRICT
) ENGINE = InnoDB AUTO_INCREMENT = 3 CHARACTER SET = utf8mb4 COLLATE = utf8mb4_general_ci ROW_FORMAT = Dynamic;

-- ----------------------------
-- Records of shops_contacts
-- ----------------------------
INSERT INTO `shops_contacts` VALUES (1, 1, 'tel', '0999999999', '2025-01-31 00:36:48');
INSERT INTO `shops_contacts` VALUES (2, 1, 'line', '@12341234', '2025-01-31 00:39:20');

-- ----------------------------
-- Table structure for shops_favorite
-- ----------------------------
DROP TABLE IF EXISTS `shops_favorite`;
CREATE TABLE `shops_favorite`  (
  `id` int(11) NOT NULL AUTO_INCREMENT,
  `shop_id` int(11) NULL DEFAULT NULL,
  `member_id` int(11) NULL DEFAULT NULL,
  PRIMARY KEY (`id`) USING BTREE,
  INDEX `shop_id`(`shop_id` ASC) USING BTREE,
  CONSTRAINT `shops_favorite_ibfk_1` FOREIGN KEY (`shop_id`) REFERENCES `shops` (`id`) ON DELETE RESTRICT ON UPDATE RESTRICT
) ENGINE = InnoDB AUTO_INCREMENT = 1 CHARACTER SET = utf8mb4 COLLATE = utf8mb4_general_ci ROW_FORMAT = Dynamic;

-- ----------------------------
-- Records of shops_favorite
-- ----------------------------

SET FOREIGN_KEY_CHECKS = 1;
